# SQL Manager 2005 Lite for MySQL 3.7.6.2
# ---------------------------------------
# Host     : localhost
# Port     : 3306
# Database : uas2017a_2014130020


SET FOREIGN_KEY_CHECKS=0;

DROP DATABASE IF EXISTS `uas2017a_2014130020`;

CREATE DATABASE `uas2017a_2014130020`
    CHARACTER SET 'latin1'
    COLLATE 'latin1_swedish_ci';

USE `uas2017a_2014130020`;

#
# Structure for the `map` table : 
#

DROP TABLE IF EXISTS `map`;

CREATE TABLE `map` (
  `MAP_ID` char(3) NOT NULL,
  `MAP_NAME` varchar(20) DEFAULT NULL,
  `MAP_DESCRIPTION` varchar(255) DEFAULT NULL,
  `MAP_DIFFICULTY` varchar(20) DEFAULT NULL,
  PRIMARY KEY (`MAP_ID`)
) ENGINE=InnoDB DEFAULT CHARSET=latin1;

#
# Data for the `map` table  (LIMIT 0,500)
#

INSERT INTO `map` (`MAP_ID`, `MAP_NAME`, `MAP_DESCRIPTION`, `MAP_DIFFICULTY`) VALUES 
  ('001','Forest','Dark Forest','Easy'),
  ('002','Desert','Hot desert','Normal');

COMMIT;

#
# Structure for the `map_data` table : 
#

DROP TABLE IF EXISTS `map_data`;

CREATE TABLE `map_data` (
  `MAP_ID` char(3) NOT NULL,
  `RECENT_UPDATE` timestamp(6) NOT NULL DEFAULT CURRENT_TIMESTAMP(6) ON UPDATE CURRENT_TIMESTAMP(6),
  PRIMARY KEY (`MAP_ID`)
) ENGINE=InnoDB DEFAULT CHARSET=latin1;

#
# Data for the `map_data` table  (LIMIT 0,500)
#

INSERT INTO `map_data` (`MAP_ID`, `RECENT_UPDATE`) VALUES 
  ('001','2017-05-19 10:42:24'),
  ('002','2017-05-19 11:22:34');

COMMIT;

#
# Structure for the `monster` table : 
#

DROP TABLE IF EXISTS `monster`;

CREATE TABLE `monster` (
  `MONSTER_ID` char(5) NOT NULL,
  `MONSTER_NAME` varchar(20) DEFAULT NULL,
  `MONSTER_ELEMENT` varchar(20) DEFAULT NULL,
  `MONSTER_RARITY` varchar(20) DEFAULT NULL,
  `MONSTER_HEALTH` float(9,3) DEFAULT NULL,
  `MONSTER_ATTACK` float(9,3) DEFAULT NULL,
  `MONSTER_DEFENSE` float(9,3) DEFAULT NULL,
  `XP_REWARD` float(9,3) DEFAULT NULL,
  `GP_REWARD` float(9,3) DEFAULT NULL,
  `FILE_NAME` varchar(20) DEFAULT NULL,
  PRIMARY KEY (`MONSTER_ID`)
) ENGINE=InnoDB DEFAULT CHARSET=latin1;

#
# Data for the `monster` table  (LIMIT 0,500)
#

INSERT INTO `monster` (`MONSTER_ID`, `MONSTER_NAME`, `MONSTER_ELEMENT`, `MONSTER_RARITY`, `MONSTER_HEALTH`, `MONSTER_ATTACK`, `MONSTER_DEFENSE`, `XP_REWARD`, `GP_REWARD`, `FILE_NAME`) VALUES 
  ('M-001','Slime','Water','Common',0,50,50,25,25,'slime'),
  ('M-002','Ghost','Fire','Rare',0,100,100,100,125,'skeleton'),
  ('M-003','Bat','Fire','Common',0,100,100,50,50,'bat'),
  ('M-004','Spider','Fire','Common',0,200,200,75,100,'spider');

COMMIT;

#
# Structure for the `monster_zone` table : 
#

DROP TABLE IF EXISTS `monster_zone`;

CREATE TABLE `monster_zone` (
  `ZONE_ID` char(3) NOT NULL,
  `MONSTER_ID` char(5) NOT NULL,
  `MAP_ID` char(3) NOT NULL,
  `MONSTER_COUNTS` int(11) DEFAULT NULL,
  PRIMARY KEY (`ZONE_ID`,`MAP_ID`,`MONSTER_ID`)
) ENGINE=InnoDB DEFAULT CHARSET=latin1;

#
# Data for the `monster_zone` table  (LIMIT 0,500)
#

INSERT INTO `monster_zone` (`ZONE_ID`, `MONSTER_ID`, `MAP_ID`, `MONSTER_COUNTS`) VALUES 
  ('001','M-001','001',4),
  ('001','M-002','001',1),
  ('001','M-003','001',2),
  ('001','M-002','002',1),
  ('001','M-003','002',2),
  ('001','M-004','002',2),
  ('002','M-001','001',3),
  ('002','M-003','001',2),
  ('002','M-001','002',2),
  ('002','M-003','002',1),
  ('002','M-004','002',2);

COMMIT;

#
# Structure for the `property` table : 
#

DROP TABLE IF EXISTS `property`;

CREATE TABLE `property` (
  `PROPERTY_ID` char(5) NOT NULL,
  `PROPERTY_NAME` varchar(20) DEFAULT NULL,
  `FILE_NAME` varchar(20) DEFAULT NULL,
  PRIMARY KEY (`PROPERTY_ID`)
) ENGINE=InnoDB DEFAULT CHARSET=latin1;

#
# Data for the `property` table  (LIMIT 0,500)
#

INSERT INTO `property` (`PROPERTY_ID`, `PROPERTY_NAME`, `FILE_NAME`) VALUES 
  ('P-001','Jar','jar'),
  ('P-002','Table','table'),
  ('P-003','Door','door'),
  ('P-004','StairsUp','stairs-up'),
  ('P-005','StairsDown','stairs-down'),
  ('P-006','Grass','grass'),
  ('P-007','Rock','rock'),
  ('P-008','Sign','sign');

COMMIT;

#
# Structure for the `tile` table : 
#

DROP TABLE IF EXISTS `tile`;

CREATE TABLE `tile` (
  `POSITION_X` int(11) NOT NULL,
  `POSITION_Y` int(11) NOT NULL,
  `MAP_ID` char(3) NOT NULL,
  `TILE_TYPE` varchar(20) DEFAULT NULL,
  `TILE_ID` char(2) DEFAULT NULL,
  `PROPERTY_ID` varchar(5) DEFAULT NULL,
  PRIMARY KEY (`MAP_ID`,`POSITION_X`,`POSITION_Y`)
) ENGINE=InnoDB DEFAULT CHARSET=latin1;

#
# Data for the `tile` table  (LIMIT 0,500)
#

INSERT INTO `tile` (`POSITION_X`, `POSITION_Y`, `MAP_ID`, `TILE_TYPE`, `TILE_ID`, `PROPERTY_ID`) VALUES 
  (0,0,'001','OBSTACLE','6','6'),
  (0,1,'001','OBSTACLE','6','6'),
  (0,2,'001','OBSTACLE','6','6'),
  (0,3,'001','OBSTACLE','6','6'),
  (0,4,'001','OBSTACLE','6','6'),
  (0,5,'001','OBSTACLE','6','6'),
  (0,6,'001','OBSTACLE','6','6'),
  (0,7,'001','OBSTACLE','6','6'),
  (0,8,'001','OBSTACLE','6','6'),
  (0,9,'001','OBSTACLE','6','6'),
  (0,10,'001','OBSTACLE','6','6'),
  (0,11,'001','OBSTACLE','6','6'),
  (0,12,'001','OBSTACLE','6','6'),
  (0,13,'001','OBSTACLE','6','6'),
  (0,14,'001','OBSTACLE','6','6'),
  (0,15,'001','OBSTACLE','6','6'),
  (0,16,'001','OBSTACLE','6','6'),
  (0,17,'001','OBSTACLE','6','6'),
  (0,18,'001','OBSTACLE','6','6'),
  (0,19,'001','OBSTACLE','6','6'),
  (0,20,'001','OBSTACLE','6','6'),
  (0,21,'001','OBSTACLE','6','6'),
  (0,22,'001','OBSTACLE','6','6'),
  (0,23,'001','OBSTACLE','6','6'),
  (0,24,'001','OBSTACLE','5','5'),
  (1,0,'001','OBSTACLE','5','5'),
  (1,1,'001','NON-OBSTACLE','17',''),
  (1,2,'001','NON-OBSTACLE','17',''),
  (1,3,'001','NON-OBSTACLE','17',''),
  (1,4,'001','NON-OBSTACLE','17',''),
  (1,5,'001','NON-OBSTACLE','17',''),
  (1,6,'001','NON-OBSTACLE','17',''),
  (1,7,'001','NON-OBSTACLE','17',''),
  (1,8,'001','NON-OBSTACLE','17',''),
  (1,9,'001','NON-OBSTACLE','17',''),
  (1,10,'001','NON-OBSTACLE','17',''),
  (1,11,'001','NON-OBSTACLE','17',''),
  (1,12,'001','OBSTACLE','6','6'),
  (1,13,'001','OBSTACLE','5','5'),
  (1,14,'001','NON-OBSTACLE','17',''),
  (1,15,'001','NON-OBSTACLE','17',''),
  (1,16,'001','NON-OBSTACLE','17',''),
  (1,17,'001','NON-OBSTACLE','17',''),
  (1,18,'001','NON-OBSTACLE','17',''),
  (1,19,'001','NON-OBSTACLE','17',''),
  (1,20,'001','NON-OBSTACLE','17',''),
  (1,21,'001','NON-OBSTACLE','17',''),
  (1,22,'001','NON-OBSTACLE','17',''),
  (1,23,'001','NON-OBSTACLE','17',''),
  (1,24,'001','OBSTACLE','5','5'),
  (2,0,'001','OBSTACLE','5','5'),
  (2,1,'001','NON-OBSTACLE','17',''),
  (2,2,'001','OBSTACLE','17','P-001'),
  (2,3,'001','NON-OBSTACLE','17',''),
  (2,4,'001','NON-OBSTACLE','17',''),
  (2,5,'001','NON-OBSTACLE','17',''),
  (2,6,'001','NON-OBSTACLE','17',''),
  (2,7,'001','NON-OBSTACLE','17',''),
  (2,8,'001','NON-OBSTACLE','17',''),
  (2,9,'001','NON-OBSTACLE','17',''),
  (2,10,'001','NON-OBSTACLE','17',''),
  (2,11,'001','NON-OBSTACLE','17',''),
  (2,12,'001','OBSTACLE','6','6'),
  (2,13,'001','OBSTACLE','5','5'),
  (2,14,'001','NON-OBSTACLE','17',''),
  (2,15,'001','NON-OBSTACLE','17',''),
  (2,16,'001','NON-OBSTACLE','17',''),
  (2,17,'001','NON-OBSTACLE','17',''),
  (2,18,'001','NON-OBSTACLE','17',''),
  (2,19,'001','NON-OBSTACLE','17',''),
  (2,20,'001','NON-OBSTACLE','17',''),
  (2,21,'001','NON-OBSTACLE','17',''),
  (2,22,'001','OBSTACLE','17','P-005'),
  (2,23,'001','NON-OBSTACLE','17',''),
  (2,24,'001','OBSTACLE','5','5'),
  (3,0,'001','OBSTACLE','5','5'),
  (3,1,'001','NON-OBSTACLE','17',''),
  (3,2,'001','NON-OBSTACLE','17',''),
  (3,3,'001','NON-OBSTACLE','17',''),
  (3,4,'001','NON-OBSTACLE','17',''),
  (3,5,'001','NON-OBSTACLE','17',''),
  (3,6,'001','NON-OBSTACLE','17',''),
  (3,7,'001','NON-OBSTACLE','17',''),
  (3,8,'001','NON-OBSTACLE','17',''),
  (3,9,'001','NON-OBSTACLE','17',''),
  (3,10,'001','NON-OBSTACLE','17',''),
  (3,11,'001','NON-OBSTACLE','17',''),
  (3,12,'001','OBSTACLE','6','6'),
  (3,13,'001','OBSTACLE','5','5'),
  (3,14,'001','NON-OBSTACLE','17',''),
  (3,15,'001','NON-OBSTACLE','17',''),
  (3,16,'001','NON-OBSTACLE','17',''),
  (3,17,'001','NON-OBSTACLE','17',''),
  (3,18,'001','NON-OBSTACLE','17',''),
  (3,19,'001','NON-OBSTACLE','17',''),
  (3,20,'001','NON-OBSTACLE','17',''),
  (3,21,'001','NON-OBSTACLE','17',''),
  (3,22,'001','NON-OBSTACLE','17',''),
  (3,23,'001','NON-OBSTACLE','17',''),
  (3,24,'001','OBSTACLE','5','5'),
  (4,0,'001','OBSTACLE','5','5'),
  (4,1,'001','NON-OBSTACLE','17',''),
  (4,2,'001','NON-OBSTACLE','17',''),
  (4,3,'001','NON-OBSTACLE','17',''),
  (4,4,'001','NON-OBSTACLE','17',''),
  (4,5,'001','NON-OBSTACLE','17',''),
  (4,6,'001','NON-OBSTACLE','17',''),
  (4,7,'001','NON-OBSTACLE','17',''),
  (4,8,'001','NON-OBSTACLE','17',''),
  (4,9,'001','NON-OBSTACLE','17',''),
  (4,10,'001','NON-OBSTACLE','17',''),
  (4,11,'001','NON-OBSTACLE','17',''),
  (4,12,'001','OBSTACLE','6','6'),
  (4,13,'001','OBSTACLE','5','5'),
  (4,14,'001','NON-OBSTACLE','17',''),
  (4,15,'001','NON-OBSTACLE','17',''),
  (4,16,'001','NON-OBSTACLE','17',''),
  (4,17,'001','NON-OBSTACLE','17',''),
  (4,18,'001','NON-OBSTACLE','17',''),
  (4,19,'001','NON-OBSTACLE','17',''),
  (4,20,'001','NON-OBSTACLE','17',''),
  (4,21,'001','NON-OBSTACLE','17',''),
  (4,22,'001','NON-OBSTACLE','17',''),
  (4,23,'001','NON-OBSTACLE','17',''),
  (4,24,'001','OBSTACLE','5','5'),
  (5,0,'001','OBSTACLE','5','5'),
  (5,1,'001','NON-OBSTACLE','17',''),
  (5,2,'001','NON-OBSTACLE','17',''),
  (5,3,'001','NON-OBSTACLE','17',''),
  (5,4,'001','NON-OBSTACLE','17',''),
  (5,5,'001','NON-OBSTACLE','17',''),
  (5,6,'001','NON-OBSTACLE','17',''),
  (5,7,'001','NON-OBSTACLE','17',''),
  (5,8,'001','NON-OBSTACLE','17',''),
  (5,9,'001','NON-OBSTACLE','17',''),
  (5,10,'001','NON-OBSTACLE','17',''),
  (5,11,'001','NON-OBSTACLE','17',''),
  (5,12,'001','OBSTACLE','6','6'),
  (5,13,'001','OBSTACLE','5','5'),
  (5,14,'001','NON-OBSTACLE','17',''),
  (5,15,'001','NON-OBSTACLE','17',''),
  (5,16,'001','NON-OBSTACLE','17',''),
  (5,17,'001','NON-OBSTACLE','17',''),
  (5,18,'001','NON-OBSTACLE','17',''),
  (5,19,'001','NON-OBSTACLE','17',''),
  (5,20,'001','NON-OBSTACLE','17',''),
  (5,21,'001','NON-OBSTACLE','17',''),
  (5,22,'001','NON-OBSTACLE','17',''),
  (5,23,'001','NON-OBSTACLE','17',''),
  (5,24,'001','OBSTACLE','5','5'),
  (6,0,'001','OBSTACLE','5','5'),
  (6,1,'001','NON-OBSTACLE','17',''),
  (6,2,'001','NON-OBSTACLE','17',''),
  (6,3,'001','NON-OBSTACLE','17',''),
  (6,4,'001','NON-OBSTACLE','17',''),
  (6,5,'001','NON-OBSTACLE','17',''),
  (6,6,'001','NON-OBSTACLE','17',''),
  (6,7,'001','NON-OBSTACLE','17',''),
  (6,8,'001','NON-OBSTACLE','17',''),
  (6,9,'001','NON-OBSTACLE','17',''),
  (6,10,'001','NON-OBSTACLE','17',''),
  (6,11,'001','NON-OBSTACLE','17',''),
  (6,12,'001','OBSTACLE','6','6'),
  (6,13,'001','OBSTACLE','5','5'),
  (6,14,'001','NON-OBSTACLE','17',''),
  (6,15,'001','NON-OBSTACLE','17',''),
  (6,16,'001','NON-OBSTACLE','17',''),
  (6,17,'001','NON-OBSTACLE','17',''),
  (6,18,'001','NON-OBSTACLE','17',''),
  (6,19,'001','NON-OBSTACLE','17',''),
  (6,20,'001','NON-OBSTACLE','17',''),
  (6,21,'001','NON-OBSTACLE','17',''),
  (6,22,'001','NON-OBSTACLE','17',''),
  (6,23,'001','NON-OBSTACLE','17',''),
  (6,24,'001','OBSTACLE','5','5'),
  (7,0,'001','OBSTACLE','5','5'),
  (7,1,'001','NON-OBSTACLE','17',''),
  (7,2,'001','NON-OBSTACLE','17',''),
  (7,3,'001','NON-OBSTACLE','17',''),
  (7,4,'001','NON-OBSTACLE','17',''),
  (7,5,'001','NON-OBSTACLE','17',''),
  (7,6,'001','NON-OBSTACLE','17',''),
  (7,7,'001','NON-OBSTACLE','17',''),
  (7,8,'001','NON-OBSTACLE','17',''),
  (7,9,'001','NON-OBSTACLE','17',''),
  (7,10,'001','NON-OBSTACLE','17',''),
  (7,11,'001','NON-OBSTACLE','17',''),
  (7,12,'001','OBSTACLE','6','6'),
  (7,13,'001','OBSTACLE','5','5'),
  (7,14,'001','NON-OBSTACLE','17',''),
  (7,15,'001','NON-OBSTACLE','17',''),
  (7,16,'001','NON-OBSTACLE','17',''),
  (7,17,'001','NON-OBSTACLE','17',''),
  (7,18,'001','NON-OBSTACLE','17',''),
  (7,19,'001','NON-OBSTACLE','17',''),
  (7,20,'001','NON-OBSTACLE','17',''),
  (7,21,'001','NON-OBSTACLE','17',''),
  (7,22,'001','NON-OBSTACLE','17',''),
  (7,23,'001','NON-OBSTACLE','17',''),
  (7,24,'001','OBSTACLE','5','5'),
  (8,0,'001','OBSTACLE','5','5'),
  (8,1,'001','NON-OBSTACLE','17',''),
  (8,2,'001','NON-OBSTACLE','17',''),
  (8,3,'001','NON-OBSTACLE','17',''),
  (8,4,'001','NON-OBSTACLE','17',''),
  (8,5,'001','NON-OBSTACLE','17',''),
  (8,6,'001','NON-OBSTACLE','17',''),
  (8,7,'001','NON-OBSTACLE','17',''),
  (8,8,'001','NON-OBSTACLE','17',''),
  (8,9,'001','NON-OBSTACLE','17',''),
  (8,10,'001','NON-OBSTACLE','17',''),
  (8,11,'001','NON-OBSTACLE','17',''),
  (8,12,'001','OBSTACLE','6','6'),
  (8,13,'001','OBSTACLE','5','5'),
  (8,14,'001','NON-OBSTACLE','17',''),
  (8,15,'001','NON-OBSTACLE','17',''),
  (8,16,'001','NON-OBSTACLE','17',''),
  (8,17,'001','NON-OBSTACLE','17',''),
  (8,18,'001','NON-OBSTACLE','17',''),
  (8,19,'001','NON-OBSTACLE','17',''),
  (8,20,'001','NON-OBSTACLE','17',''),
  (8,21,'001','NON-OBSTACLE','17',''),
  (8,22,'001','NON-OBSTACLE','17',''),
  (8,23,'001','NON-OBSTACLE','17',''),
  (8,24,'001','OBSTACLE','5','5'),
  (9,0,'001','OBSTACLE','5','5'),
  (9,1,'001','NON-OBSTACLE','17',''),
  (9,2,'001','NON-OBSTACLE','17',''),
  (9,3,'001','NON-OBSTACLE','17',''),
  (9,4,'001','NON-OBSTACLE','17',''),
  (9,5,'001','NON-OBSTACLE','17',''),
  (9,6,'001','NON-OBSTACLE','17',''),
  (9,7,'001','NON-OBSTACLE','17',''),
  (9,8,'001','NON-OBSTACLE','17',''),
  (9,9,'001','NON-OBSTACLE','17',''),
  (9,10,'001','NON-OBSTACLE','17',''),
  (9,11,'001','NON-OBSTACLE','17',''),
  (9,12,'001','OBSTACLE','6','6'),
  (9,13,'001','OBSTACLE','5','5'),
  (9,14,'001','NON-OBSTACLE','17',''),
  (9,15,'001','NON-OBSTACLE','17',''),
  (9,16,'001','NON-OBSTACLE','17',''),
  (9,17,'001','NON-OBSTACLE','17',''),
  (9,18,'001','NON-OBSTACLE','17',''),
  (9,19,'001','NON-OBSTACLE','17',''),
  (9,20,'001','NON-OBSTACLE','17',''),
  (9,21,'001','NON-OBSTACLE','17',''),
  (9,22,'001','NON-OBSTACLE','17',''),
  (9,23,'001','NON-OBSTACLE','17',''),
  (9,24,'001','OBSTACLE','5','5'),
  (10,0,'001','OBSTACLE','5','5'),
  (10,1,'001','NON-OBSTACLE','17',''),
  (10,2,'001','NON-OBSTACLE','17',''),
  (10,3,'001','NON-OBSTACLE','17',''),
  (10,4,'001','NON-OBSTACLE','17',''),
  (10,5,'001','NON-OBSTACLE','17',''),
  (10,6,'001','NON-OBSTACLE','17',''),
  (10,7,'001','NON-OBSTACLE','17',''),
  (10,8,'001','NON-OBSTACLE','17',''),
  (10,9,'001','NON-OBSTACLE','17',''),
  (10,10,'001','NON-OBSTACLE','17',''),
  (10,11,'001','NON-OBSTACLE','17',''),
  (10,12,'001','OBSTACLE','6','6'),
  (10,13,'001','OBSTACLE','5','5'),
  (10,14,'001','NON-OBSTACLE','17',''),
  (10,15,'001','NON-OBSTACLE','17',''),
  (10,16,'001','NON-OBSTACLE','17',''),
  (10,17,'001','NON-OBSTACLE','17',''),
  (10,18,'001','NON-OBSTACLE','17',''),
  (10,19,'001','NON-OBSTACLE','17',''),
  (10,20,'001','NON-OBSTACLE','17',''),
  (10,21,'001','NON-OBSTACLE','17',''),
  (10,22,'001','NON-OBSTACLE','17',''),
  (10,23,'001','NON-OBSTACLE','17',''),
  (10,24,'001','OBSTACLE','5','5'),
  (11,0,'001','OBSTACLE','5','5'),
  (11,1,'001','NON-OBSTACLE','17',''),
  (11,2,'001','NON-OBSTACLE','17',''),
  (11,3,'001','NON-OBSTACLE','17',''),
  (11,4,'001','NON-OBSTACLE','17',''),
  (11,5,'001','NON-OBSTACLE','17',''),
  (11,6,'001','NON-OBSTACLE','17',''),
  (11,7,'001','NON-OBSTACLE','17',''),
  (11,8,'001','NON-OBSTACLE','17',''),
  (11,9,'001','NON-OBSTACLE','17',''),
  (11,10,'001','NON-OBSTACLE','17',''),
  (11,11,'001','NON-OBSTACLE','17',''),
  (11,12,'001','OBSTACLE','6','6'),
  (11,13,'001','OBSTACLE','5','5'),
  (11,14,'001','NON-OBSTACLE','17',''),
  (11,15,'001','NON-OBSTACLE','17',''),
  (11,16,'001','NON-OBSTACLE','17',''),
  (11,17,'001','NON-OBSTACLE','17',''),
  (11,18,'001','NON-OBSTACLE','17',''),
  (11,19,'001','NON-OBSTACLE','17',''),
  (11,20,'001','NON-OBSTACLE','17',''),
  (11,21,'001','NON-OBSTACLE','17',''),
  (11,22,'001','NON-OBSTACLE','17',''),
  (11,23,'001','NON-OBSTACLE','17',''),
  (11,24,'001','OBSTACLE','5','5'),
  (12,0,'001','OBSTACLE','5','5'),
  (12,1,'001','NON-OBSTACLE','17',''),
  (12,2,'001','NON-OBSTACLE','17',''),
  (12,3,'001','NON-OBSTACLE','17',''),
  (12,4,'001','NON-OBSTACLE','17',''),
  (12,5,'001','NON-OBSTACLE','17',''),
  (12,6,'001','NON-OBSTACLE','17',''),
  (12,7,'001','NON-OBSTACLE','17',''),
  (12,8,'001','NON-OBSTACLE','17',''),
  (12,9,'001','NON-OBSTACLE','17',''),
  (12,10,'001','NON-OBSTACLE','17',''),
  (12,11,'001','NON-OBSTACLE','17',''),
  (12,12,'001','OBSTACLE','6','6'),
  (12,13,'001','OBSTACLE','5','5'),
  (12,14,'001','NON-OBSTACLE','17',''),
  (12,15,'001','NON-OBSTACLE','17',''),
  (12,16,'001','NON-OBSTACLE','17',''),
  (12,17,'001','NON-OBSTACLE','17',''),
  (12,18,'001','NON-OBSTACLE','17',''),
  (12,19,'001','NON-OBSTACLE','17',''),
  (12,20,'001','NON-OBSTACLE','17',''),
  (12,21,'001','NON-OBSTACLE','17',''),
  (12,22,'001','NON-OBSTACLE','17',''),
  (12,23,'001','NON-OBSTACLE','17',''),
  (12,24,'001','OBSTACLE','5','5'),
  (13,0,'001','OBSTACLE','5','5'),
  (13,1,'001','NON-OBSTACLE','17',''),
  (13,2,'001','NON-OBSTACLE','17',''),
  (13,3,'001','NON-OBSTACLE','17',''),
  (13,4,'001','NON-OBSTACLE','17',''),
  (13,5,'001','NON-OBSTACLE','17',''),
  (13,6,'001','NON-OBSTACLE','17',''),
  (13,7,'001','NON-OBSTACLE','17',''),
  (13,8,'001','NON-OBSTACLE','17',''),
  (13,9,'001','NON-OBSTACLE','17',''),
  (13,10,'001','NON-OBSTACLE','17',''),
  (13,11,'001','NON-OBSTACLE','17',''),
  (13,12,'001','OBSTACLE','6','6'),
  (13,13,'001','OBSTACLE','5','5'),
  (13,14,'001','NON-OBSTACLE','17',''),
  (13,15,'001','NON-OBSTACLE','17',''),
  (13,16,'001','NON-OBSTACLE','17',''),
  (13,17,'001','NON-OBSTACLE','17',''),
  (13,18,'001','NON-OBSTACLE','17',''),
  (13,19,'001','NON-OBSTACLE','17',''),
  (13,20,'001','NON-OBSTACLE','17',''),
  (13,21,'001','NON-OBSTACLE','17',''),
  (13,22,'001','NON-OBSTACLE','17',''),
  (13,23,'001','NON-OBSTACLE','17',''),
  (13,24,'001','OBSTACLE','5','5'),
  (14,0,'001','OBSTACLE','5','5'),
  (14,1,'001','NON-OBSTACLE','17',''),
  (14,2,'001','NON-OBSTACLE','17',''),
  (14,3,'001','NON-OBSTACLE','17',''),
  (14,4,'001','NON-OBSTACLE','17',''),
  (14,5,'001','NON-OBSTACLE','17',''),
  (14,6,'001','NON-OBSTACLE','17',''),
  (14,7,'001','NON-OBSTACLE','17',''),
  (14,8,'001','NON-OBSTACLE','17',''),
  (14,9,'001','NON-OBSTACLE','17',''),
  (14,10,'001','NON-OBSTACLE','17',''),
  (14,11,'001','NON-OBSTACLE','17',''),
  (14,12,'001','OBSTACLE','6','6'),
  (14,13,'001','OBSTACLE','5','5'),
  (14,14,'001','NON-OBSTACLE','17',''),
  (14,15,'001','NON-OBSTACLE','17',''),
  (14,16,'001','NON-OBSTACLE','17',''),
  (14,17,'001','NON-OBSTACLE','17',''),
  (14,18,'001','NON-OBSTACLE','17',''),
  (14,19,'001','NON-OBSTACLE','17',''),
  (14,20,'001','NON-OBSTACLE','17',''),
  (14,21,'001','NON-OBSTACLE','17',''),
  (14,22,'001','NON-OBSTACLE','17',''),
  (14,23,'001','NON-OBSTACLE','17',''),
  (14,24,'001','OBSTACLE','5','5'),
  (15,0,'001','OBSTACLE','5','5'),
  (15,1,'001','NON-OBSTACLE','17',''),
  (15,2,'001','NON-OBSTACLE','17',''),
  (15,3,'001','NON-OBSTACLE','17',''),
  (15,4,'001','NON-OBSTACLE','17',''),
  (15,5,'001','NON-OBSTACLE','17',''),
  (15,6,'001','NON-OBSTACLE','17',''),
  (15,7,'001','NON-OBSTACLE','17',''),
  (15,8,'001','NON-OBSTACLE','17',''),
  (15,9,'001','NON-OBSTACLE','17',''),
  (15,10,'001','NON-OBSTACLE','17',''),
  (15,11,'001','NON-OBSTACLE','17',''),
  (15,12,'001','OBSTACLE','6','6'),
  (15,13,'001','OBSTACLE','5','5'),
  (15,14,'001','NON-OBSTACLE','17',''),
  (15,15,'001','NON-OBSTACLE','17',''),
  (15,16,'001','NON-OBSTACLE','17',''),
  (15,17,'001','NON-OBSTACLE','17',''),
  (15,18,'001','NON-OBSTACLE','17',''),
  (15,19,'001','NON-OBSTACLE','17',''),
  (15,20,'001','NON-OBSTACLE','17',''),
  (15,21,'001','NON-OBSTACLE','17',''),
  (15,22,'001','NON-OBSTACLE','17',''),
  (15,23,'001','NON-OBSTACLE','17',''),
  (15,24,'001','OBSTACLE','5','5'),
  (16,0,'001','OBSTACLE','5','5'),
  (16,1,'001','NON-OBSTACLE','17',''),
  (16,2,'001','NON-OBSTACLE','17',''),
  (16,3,'001','NON-OBSTACLE','17',''),
  (16,4,'001','NON-OBSTACLE','17',''),
  (16,5,'001','NON-OBSTACLE','17',''),
  (16,6,'001','NON-OBSTACLE','17',''),
  (16,7,'001','NON-OBSTACLE','17',''),
  (16,8,'001','NON-OBSTACLE','17',''),
  (16,9,'001','NON-OBSTACLE','17',''),
  (16,10,'001','NON-OBSTACLE','17',''),
  (16,11,'001','NON-OBSTACLE','17',''),
  (16,12,'001','OBSTACLE','6','6'),
  (16,13,'001','OBSTACLE','5','5'),
  (16,14,'001','NON-OBSTACLE','17',''),
  (16,15,'001','NON-OBSTACLE','17',''),
  (16,16,'001','NON-OBSTACLE','17',''),
  (16,17,'001','NON-OBSTACLE','17',''),
  (16,18,'001','NON-OBSTACLE','17',''),
  (16,19,'001','NON-OBSTACLE','17',''),
  (16,20,'001','NON-OBSTACLE','17',''),
  (16,21,'001','NON-OBSTACLE','17',''),
  (16,22,'001','NON-OBSTACLE','17',''),
  (16,23,'001','NON-OBSTACLE','17',''),
  (16,24,'001','OBSTACLE','5','5'),
  (17,0,'001','OBSTACLE','5','5'),
  (17,1,'001','NON-OBSTACLE','17',''),
  (17,2,'001','NON-OBSTACLE','17',''),
  (17,3,'001','NON-OBSTACLE','17',''),
  (17,4,'001','NON-OBSTACLE','17',''),
  (17,5,'001','NON-OBSTACLE','17',''),
  (17,6,'001','NON-OBSTACLE','17',''),
  (17,7,'001','NON-OBSTACLE','17',''),
  (17,8,'001','NON-OBSTACLE','17',''),
  (17,9,'001','NON-OBSTACLE','17',''),
  (17,10,'001','NON-OBSTACLE','17',''),
  (17,11,'001','NON-OBSTACLE','17',''),
  (17,12,'001','OBSTACLE','6','6'),
  (17,13,'001','OBSTACLE','5','5'),
  (17,14,'001','NON-OBSTACLE','17',''),
  (17,15,'001','NON-OBSTACLE','17',''),
  (17,16,'001','OBSTACLE','17','P-002'),
  (17,17,'001','NON-OBSTACLE','17',''),
  (17,18,'001','NON-OBSTACLE','17',''),
  (17,19,'001','NON-OBSTACLE','17',''),
  (17,20,'001','NON-OBSTACLE','17',''),
  (17,21,'001','NON-OBSTACLE','17',''),
  (17,22,'001','OBSTACLE','17','P-002'),
  (17,23,'001','NON-OBSTACLE','17',''),
  (17,24,'001','OBSTACLE','5','5'),
  (18,0,'001','OBSTACLE','5','5'),
  (18,1,'001','NON-OBSTACLE','17',''),
  (18,2,'001','NON-OBSTACLE','17',''),
  (18,3,'001','NON-OBSTACLE','17',''),
  (18,4,'001','NON-OBSTACLE','17',''),
  (18,5,'001','NON-OBSTACLE','17',''),
  (18,6,'001','NON-OBSTACLE','17',''),
  (18,7,'001','NON-OBSTACLE','17',''),
  (18,8,'001','NON-OBSTACLE','17',''),
  (18,9,'001','NON-OBSTACLE','17',''),
  (18,10,'001','NON-OBSTACLE','17',''),
  (18,11,'001','NON-OBSTACLE','17',''),
  (18,12,'001','OBSTACLE','6','6'),
  (18,13,'001','OBSTACLE','5','5'),
  (18,14,'001','NON-OBSTACLE','17',''),
  (18,15,'001','NON-OBSTACLE','17',''),
  (18,16,'001','NON-OBSTACLE','17',''),
  (18,17,'001','NON-OBSTACLE','17',''),
  (18,18,'001','OBSTACLE','17','P-002'),
  (18,19,'001','NON-OBSTACLE','17',''),
  (18,20,'001','OBSTACLE','17','P-002'),
  (18,21,'001','NON-OBSTACLE','17',''),
  (18,22,'001','NON-OBSTACLE','17',''),
  (18,23,'001','NON-OBSTACLE','17',''),
  (18,24,'001','OBSTACLE','5','5'),
  (19,0,'001','OBSTACLE','5','5'),
  (19,1,'001','NON-OBSTACLE','17',''),
  (19,2,'001','NON-OBSTACLE','17',''),
  (19,3,'001','NON-OBSTACLE','17',''),
  (19,4,'001','NON-OBSTACLE','17',''),
  (19,5,'001','NON-OBSTACLE','17',''),
  (19,6,'001','NON-OBSTACLE','17',''),
  (19,7,'001','NON-OBSTACLE','17',''),
  (19,8,'001','NON-OBSTACLE','17',''),
  (19,9,'001','NON-OBSTACLE','17',''),
  (19,10,'001','NON-OBSTACLE','17',''),
  (19,11,'001','NON-OBSTACLE','17',''),
  (19,12,'001','OBSTACLE','6','6'),
  (19,13,'001','OBSTACLE','5','5'),
  (19,14,'001','NON-OBSTACLE','17',''),
  (19,15,'001','NON-OBSTACLE','17',''),
  (19,16,'001','OBSTACLE','17','P-002'),
  (19,17,'001','NON-OBSTACLE','17',''),
  (19,18,'001','NON-OBSTACLE','17',''),
  (19,19,'001','NON-OBSTACLE','17',''),
  (19,20,'001','NON-OBSTACLE','17',''),
  (19,21,'001','NON-OBSTACLE','17',''),
  (19,22,'001','OBSTACLE','17','P-002'),
  (19,23,'001','NON-OBSTACLE','17',''),
  (19,24,'001','OBSTACLE','5','5');

COMMIT;

#
# Data for the `tile` table  (LIMIT 500,500)
#

INSERT INTO `tile` (`POSITION_X`, `POSITION_Y`, `MAP_ID`, `TILE_TYPE`, `TILE_ID`, `PROPERTY_ID`) VALUES 
  (20,0,'001','OBSTACLE','5','5'),
  (20,1,'001','NON-OBSTACLE','17',''),
  (20,2,'001','NON-OBSTACLE','17',''),
  (20,3,'001','NON-OBSTACLE','17',''),
  (20,4,'001','NON-OBSTACLE','17',''),
  (20,5,'001','NON-OBSTACLE','17',''),
  (20,6,'001','NON-OBSTACLE','17',''),
  (20,7,'001','NON-OBSTACLE','17',''),
  (20,8,'001','NON-OBSTACLE','17',''),
  (20,9,'001','NON-OBSTACLE','17',''),
  (20,10,'001','NON-OBSTACLE','17',''),
  (20,11,'001','NON-OBSTACLE','17',''),
  (20,12,'001','OBSTACLE','6','6'),
  (20,13,'001','OBSTACLE','5','5'),
  (20,14,'001','NON-OBSTACLE','17',''),
  (20,15,'001','NON-OBSTACLE','17',''),
  (20,16,'001','NON-OBSTACLE','17',''),
  (20,17,'001','NON-OBSTACLE','17',''),
  (20,18,'001','OBSTACLE','17','P-002'),
  (20,19,'001','NON-OBSTACLE','17',''),
  (20,20,'001','OBSTACLE','17','P-002'),
  (20,21,'001','NON-OBSTACLE','17',''),
  (20,22,'001','NON-OBSTACLE','17',''),
  (20,23,'001','NON-OBSTACLE','17',''),
  (20,24,'001','OBSTACLE','5','5'),
  (21,0,'001','OBSTACLE','5','5'),
  (21,1,'001','NON-OBSTACLE','17',''),
  (21,2,'001','NON-OBSTACLE','17',''),
  (21,3,'001','NON-OBSTACLE','17',''),
  (21,4,'001','NON-OBSTACLE','17',''),
  (21,5,'001','NON-OBSTACLE','17',''),
  (21,6,'001','NON-OBSTACLE','17',''),
  (21,7,'001','NON-OBSTACLE','17',''),
  (21,8,'001','NON-OBSTACLE','17',''),
  (21,9,'001','NON-OBSTACLE','17',''),
  (21,10,'001','NON-OBSTACLE','17',''),
  (21,11,'001','NON-OBSTACLE','17',''),
  (21,12,'001','OBSTACLE','6','6'),
  (21,13,'001','OBSTACLE','5','5'),
  (21,14,'001','NON-OBSTACLE','17',''),
  (21,15,'001','NON-OBSTACLE','17',''),
  (21,16,'001','OBSTACLE','17','P-002'),
  (21,17,'001','NON-OBSTACLE','17',''),
  (21,18,'001','NON-OBSTACLE','17',''),
  (21,19,'001','NON-OBSTACLE','17',''),
  (21,20,'001','NON-OBSTACLE','17',''),
  (21,21,'001','NON-OBSTACLE','17',''),
  (21,22,'001','OBSTACLE','17','P-002'),
  (21,23,'001','NON-OBSTACLE','17',''),
  (21,24,'001','OBSTACLE','5','5'),
  (22,0,'001','OBSTACLE','5','5'),
  (22,1,'001','NON-OBSTACLE','17',''),
  (22,2,'001','NON-OBSTACLE','17',''),
  (22,3,'001','NON-OBSTACLE','17',''),
  (22,4,'001','NON-OBSTACLE','17',''),
  (22,5,'001','NON-OBSTACLE','17',''),
  (22,6,'001','NON-OBSTACLE','17',''),
  (22,7,'001','NON-OBSTACLE','17',''),
  (22,8,'001','NON-OBSTACLE','17',''),
  (22,9,'001','NON-OBSTACLE','17',''),
  (22,10,'001','NON-OBSTACLE','17',''),
  (22,11,'001','NON-OBSTACLE','17',''),
  (22,12,'001','OBSTACLE','6','6'),
  (22,13,'001','OBSTACLE','5','5'),
  (22,14,'001','NON-OBSTACLE','17',''),
  (22,15,'001','NON-OBSTACLE','17',''),
  (22,16,'001','NON-OBSTACLE','17',''),
  (22,17,'001','NON-OBSTACLE','17',''),
  (22,18,'001','OBSTACLE','17','P-002'),
  (22,19,'001','NON-OBSTACLE','17',''),
  (22,20,'001','OBSTACLE','17','P-002'),
  (22,21,'001','NON-OBSTACLE','17',''),
  (22,22,'001','NON-OBSTACLE','17',''),
  (22,23,'001','NON-OBSTACLE','17',''),
  (22,24,'001','OBSTACLE','5','5'),
  (23,0,'001','OBSTACLE','5','5'),
  (23,1,'001','NON-OBSTACLE','17',''),
  (23,2,'001','NON-OBSTACLE','17',''),
  (23,3,'001','NON-OBSTACLE','17',''),
  (23,4,'001','NON-OBSTACLE','17',''),
  (23,5,'001','NON-OBSTACLE','17',''),
  (23,6,'001','NON-OBSTACLE','17',''),
  (23,7,'001','NON-OBSTACLE','17',''),
  (23,8,'001','NON-OBSTACLE','17',''),
  (23,9,'001','NON-OBSTACLE','17',''),
  (23,10,'001','NON-OBSTACLE','17',''),
  (23,11,'001','NON-OBSTACLE','17',''),
  (23,12,'001','NON-OBSTACLE','17',''),
  (23,13,'001','OBSTACLE','17','P-003'),
  (23,14,'001','NON-OBSTACLE','17',''),
  (23,15,'001','NON-OBSTACLE','17',''),
  (23,16,'001','OBSTACLE','17','P-002'),
  (23,17,'001','NON-OBSTACLE','17',''),
  (23,18,'001','NON-OBSTACLE','17',''),
  (23,19,'001','NON-OBSTACLE','17',''),
  (23,20,'001','NON-OBSTACLE','17',''),
  (23,21,'001','NON-OBSTACLE','17',''),
  (23,22,'001','OBSTACLE','17','P-002'),
  (23,23,'001','NON-OBSTACLE','17',''),
  (23,24,'001','OBSTACLE','5','5'),
  (24,0,'001','OBSTACLE','5','5'),
  (24,1,'001','NON-OBSTACLE','17',''),
  (24,2,'001','NON-OBSTACLE','17',''),
  (24,3,'001','NON-OBSTACLE','17',''),
  (24,4,'001','NON-OBSTACLE','17',''),
  (24,5,'001','NON-OBSTACLE','17',''),
  (24,6,'001','NON-OBSTACLE','17',''),
  (24,7,'001','NON-OBSTACLE','17',''),
  (24,8,'001','NON-OBSTACLE','17',''),
  (24,9,'001','NON-OBSTACLE','17',''),
  (24,10,'001','NON-OBSTACLE','17',''),
  (24,11,'001','NON-OBSTACLE','17',''),
  (24,12,'001','OBSTACLE','6','6'),
  (24,13,'001','OBSTACLE','5','5'),
  (24,14,'001','NON-OBSTACLE','17',''),
  (24,15,'001','NON-OBSTACLE','17',''),
  (24,16,'001','NON-OBSTACLE','17',''),
  (24,17,'001','NON-OBSTACLE','17',''),
  (24,18,'001','NON-OBSTACLE','17',''),
  (24,19,'001','NON-OBSTACLE','17',''),
  (24,20,'001','NON-OBSTACLE','17',''),
  (24,21,'001','NON-OBSTACLE','17',''),
  (24,22,'001','NON-OBSTACLE','17',''),
  (24,23,'001','NON-OBSTACLE','17',''),
  (24,24,'001','OBSTACLE','5','5'),
  (25,0,'001','OBSTACLE','5','5'),
  (25,1,'001','NON-OBSTACLE','17',''),
  (25,2,'001','NON-OBSTACLE','17',''),
  (25,3,'001','NON-OBSTACLE','17',''),
  (25,4,'001','NON-OBSTACLE','17',''),
  (25,5,'001','NON-OBSTACLE','17',''),
  (25,6,'001','NON-OBSTACLE','17',''),
  (25,7,'001','NON-OBSTACLE','17',''),
  (25,8,'001','NON-OBSTACLE','17',''),
  (25,9,'001','NON-OBSTACLE','17',''),
  (25,10,'001','NON-OBSTACLE','17',''),
  (25,11,'001','NON-OBSTACLE','17',''),
  (25,12,'001','OBSTACLE','6','6'),
  (25,13,'001','OBSTACLE','5','5'),
  (25,14,'001','NON-OBSTACLE','17',''),
  (25,15,'001','NON-OBSTACLE','17',''),
  (25,16,'001','NON-OBSTACLE','17',''),
  (25,17,'001','NON-OBSTACLE','17',''),
  (25,18,'001','NON-OBSTACLE','17',''),
  (25,19,'001','NON-OBSTACLE','17',''),
  (25,20,'001','NON-OBSTACLE','17',''),
  (25,21,'001','NON-OBSTACLE','17',''),
  (25,22,'001','NON-OBSTACLE','17',''),
  (25,23,'001','NON-OBSTACLE','17',''),
  (25,24,'001','OBSTACLE','5','5'),
  (26,0,'001','OBSTACLE','5','5'),
  (26,1,'001','NON-OBSTACLE','17',''),
  (26,2,'001','NON-OBSTACLE','17',''),
  (26,3,'001','NON-OBSTACLE','17',''),
  (26,4,'001','NON-OBSTACLE','17',''),
  (26,5,'001','NON-OBSTACLE','17',''),
  (26,6,'001','NON-OBSTACLE','17',''),
  (26,7,'001','NON-OBSTACLE','17',''),
  (26,8,'001','NON-OBSTACLE','17',''),
  (26,9,'001','NON-OBSTACLE','17',''),
  (26,10,'001','NON-OBSTACLE','17',''),
  (26,11,'001','NON-OBSTACLE','17',''),
  (26,12,'001','OBSTACLE','6','6'),
  (26,13,'001','OBSTACLE','5','5'),
  (26,14,'001','NON-OBSTACLE','17',''),
  (26,15,'001','NON-OBSTACLE','17',''),
  (26,16,'001','NON-OBSTACLE','17',''),
  (26,17,'001','NON-OBSTACLE','17',''),
  (26,18,'001','NON-OBSTACLE','17',''),
  (26,19,'001','NON-OBSTACLE','17',''),
  (26,20,'001','NON-OBSTACLE','17',''),
  (26,21,'001','NON-OBSTACLE','17',''),
  (26,22,'001','NON-OBSTACLE','17',''),
  (26,23,'001','NON-OBSTACLE','17',''),
  (26,24,'001','OBSTACLE','5','5'),
  (27,0,'001','OBSTACLE','5','5'),
  (27,1,'001','NON-OBSTACLE','17',''),
  (27,2,'001','OBSTACLE','17','P-004'),
  (27,3,'001','NON-OBSTACLE','17',''),
  (27,4,'001','NON-OBSTACLE','17',''),
  (27,5,'001','NON-OBSTACLE','17',''),
  (27,6,'001','NON-OBSTACLE','17',''),
  (27,7,'001','NON-OBSTACLE','17',''),
  (27,8,'001','NON-OBSTACLE','17',''),
  (27,9,'001','NON-OBSTACLE','17',''),
  (27,10,'001','NON-OBSTACLE','17',''),
  (27,11,'001','NON-OBSTACLE','17',''),
  (27,12,'001','OBSTACLE','6','6'),
  (27,13,'001','OBSTACLE','5','5'),
  (27,14,'001','NON-OBSTACLE','17',''),
  (27,15,'001','NON-OBSTACLE','17',''),
  (27,16,'001','NON-OBSTACLE','17',''),
  (27,17,'001','NON-OBSTACLE','17',''),
  (27,18,'001','NON-OBSTACLE','17',''),
  (27,19,'001','NON-OBSTACLE','17',''),
  (27,20,'001','NON-OBSTACLE','17',''),
  (27,21,'001','NON-OBSTACLE','17',''),
  (27,22,'001','OBSTACLE','17','P-001'),
  (27,23,'001','NON-OBSTACLE','17',''),
  (27,24,'001','OBSTACLE','5','5'),
  (28,0,'001','OBSTACLE','5','5'),
  (28,1,'001','NON-OBSTACLE','17',''),
  (28,2,'001','NON-OBSTACLE','17',''),
  (28,3,'001','NON-OBSTACLE','17',''),
  (28,4,'001','NON-OBSTACLE','17',''),
  (28,5,'001','NON-OBSTACLE','17',''),
  (28,6,'001','NON-OBSTACLE','17',''),
  (28,7,'001','NON-OBSTACLE','17',''),
  (28,8,'001','NON-OBSTACLE','17',''),
  (28,9,'001','NON-OBSTACLE','17',''),
  (28,10,'001','NON-OBSTACLE','17',''),
  (28,11,'001','NON-OBSTACLE','17',''),
  (28,12,'001','OBSTACLE','6','6'),
  (28,13,'001','OBSTACLE','5','5'),
  (28,14,'001','NON-OBSTACLE','17',''),
  (28,15,'001','NON-OBSTACLE','17',''),
  (28,16,'001','NON-OBSTACLE','17',''),
  (28,17,'001','NON-OBSTACLE','17',''),
  (28,18,'001','NON-OBSTACLE','17',''),
  (28,19,'001','NON-OBSTACLE','17',''),
  (28,20,'001','NON-OBSTACLE','17',''),
  (28,21,'001','NON-OBSTACLE','17',''),
  (28,22,'001','NON-OBSTACLE','17',''),
  (28,23,'001','NON-OBSTACLE','17',''),
  (28,24,'001','OBSTACLE','5','5'),
  (29,0,'001','OBSTACLE','6','6'),
  (29,1,'001','OBSTACLE','6','6'),
  (29,2,'001','OBSTACLE','6','6'),
  (29,3,'001','OBSTACLE','6','6'),
  (29,4,'001','OBSTACLE','6','6'),
  (29,5,'001','OBSTACLE','6','6'),
  (29,6,'001','OBSTACLE','6','6'),
  (29,7,'001','OBSTACLE','6','6'),
  (29,8,'001','OBSTACLE','6','6'),
  (29,9,'001','OBSTACLE','6','6'),
  (29,10,'001','OBSTACLE','6','6'),
  (29,11,'001','OBSTACLE','6','6'),
  (29,12,'001','OBSTACLE','6','6'),
  (29,13,'001','OBSTACLE','6','6'),
  (29,14,'001','OBSTACLE','6','6'),
  (29,15,'001','OBSTACLE','6','6'),
  (29,16,'001','OBSTACLE','6','6'),
  (29,17,'001','OBSTACLE','6','6'),
  (29,18,'001','OBSTACLE','6','6'),
  (29,19,'001','OBSTACLE','6','6'),
  (29,20,'001','OBSTACLE','6','6'),
  (29,21,'001','OBSTACLE','6','6'),
  (29,22,'001','OBSTACLE','6','6'),
  (29,23,'001','OBSTACLE','6','6'),
  (29,24,'001','OBSTACLE','5','5'),
  (0,0,'002','OBSTACLE','2','2'),
  (0,1,'002','OBSTACLE','2','2'),
  (0,2,'002','OBSTACLE','2','2'),
  (0,3,'002','OBSTACLE','2','2'),
  (0,4,'002','OBSTACLE','2','2'),
  (0,5,'002','OBSTACLE','2','2'),
  (0,6,'002','OBSTACLE','2','2'),
  (0,7,'002','OBSTACLE','2','2'),
  (0,8,'002','OBSTACLE','2','2'),
  (0,9,'002','OBSTACLE','2','2'),
  (0,10,'002','OBSTACLE','2','2'),
  (0,11,'002','OBSTACLE','2','2'),
  (0,12,'002','OBSTACLE','2','2'),
  (0,13,'002','OBSTACLE','2','2'),
  (0,14,'002','OBSTACLE','2','2'),
  (0,15,'002','OBSTACLE','2','2'),
  (0,16,'002','OBSTACLE','2','2'),
  (0,17,'002','OBSTACLE','2','2'),
  (0,18,'002','OBSTACLE','2','2'),
  (0,19,'002','OBSTACLE','2','2'),
  (0,20,'002','OBSTACLE','2','2'),
  (0,21,'002','OBSTACLE','2','2'),
  (0,22,'002','OBSTACLE','2','2'),
  (0,23,'002','OBSTACLE','2','2'),
  (0,24,'002','OBSTACLE','1','1'),
  (1,0,'002','OBSTACLE','1','1'),
  (1,1,'002','NON-OBSTACLE','11',''),
  (1,2,'002','NON-OBSTACLE','11',''),
  (1,3,'002','NON-OBSTACLE','11',''),
  (1,4,'002','NON-OBSTACLE','11',''),
  (1,5,'002','NON-OBSTACLE','11',''),
  (1,6,'002','NON-OBSTACLE','11',''),
  (1,7,'002','NON-OBSTACLE','11',''),
  (1,8,'002','NON-OBSTACLE','11',''),
  (1,9,'002','NON-OBSTACLE','11',''),
  (1,10,'002','NON-OBSTACLE','11',''),
  (1,11,'002','OBSTACLE','2','2'),
  (1,12,'002','OBSTACLE','1','1'),
  (1,13,'002','NON-OBSTACLE','11',''),
  (1,14,'002','NON-OBSTACLE','11',''),
  (1,15,'002','NON-OBSTACLE','11',''),
  (1,16,'002','NON-OBSTACLE','11',''),
  (1,17,'002','NON-OBSTACLE','11',''),
  (1,18,'002','NON-OBSTACLE','11',''),
  (1,19,'002','NON-OBSTACLE','11',''),
  (1,20,'002','NON-OBSTACLE','11',''),
  (1,21,'002','NON-OBSTACLE','11',''),
  (1,22,'002','NON-OBSTACLE','11',''),
  (1,23,'002','NON-OBSTACLE','11',''),
  (1,24,'002','OBSTACLE','1','1'),
  (2,0,'002','OBSTACLE','1','1'),
  (2,1,'002','NON-OBSTACLE','11',''),
  (2,2,'002','NON-OBSTACLE','11',''),
  (2,3,'002','NON-OBSTACLE','11',''),
  (2,4,'002','NON-OBSTACLE','11',''),
  (2,5,'002','OBSTACLE','11','P-007'),
  (2,6,'002','NON-OBSTACLE','11',''),
  (2,7,'002','NON-OBSTACLE','11',''),
  (2,8,'002','OBSTACLE','11','P-006'),
  (2,9,'002','OBSTACLE','11','P-006'),
  (2,10,'002','NON-OBSTACLE','11',''),
  (2,11,'002','OBSTACLE','2','2'),
  (2,12,'002','OBSTACLE','1','1'),
  (2,13,'002','NON-OBSTACLE','11',''),
  (2,14,'002','NON-OBSTACLE','11',''),
  (2,15,'002','NON-OBSTACLE','11',''),
  (2,16,'002','NON-OBSTACLE','11',''),
  (2,17,'002','NON-OBSTACLE','11',''),
  (2,18,'002','NON-OBSTACLE','11',''),
  (2,19,'002','NON-OBSTACLE','11',''),
  (2,20,'002','OBSTACLE','11','P-007'),
  (2,21,'002','OBSTACLE','11','P-007'),
  (2,22,'002','OBSTACLE','11','P-006'),
  (2,23,'002','NON-OBSTACLE','11',''),
  (2,24,'002','OBSTACLE','1','1'),
  (3,0,'002','OBSTACLE','1','1'),
  (3,1,'002','NON-OBSTACLE','11',''),
  (3,2,'002','NON-OBSTACLE','11',''),
  (3,3,'002','NON-OBSTACLE','11',''),
  (3,4,'002','NON-OBSTACLE','11',''),
  (3,5,'002','OBSTACLE','11','P-007'),
  (3,6,'002','OBSTACLE','11','P-007'),
  (3,7,'002','OBSTACLE','11','P-006'),
  (3,8,'002','NON-OBSTACLE','11',''),
  (3,9,'002','NON-OBSTACLE','11',''),
  (3,10,'002','NON-OBSTACLE','11',''),
  (3,11,'002','OBSTACLE','2','2'),
  (3,12,'002','OBSTACLE','1','1'),
  (3,13,'002','NON-OBSTACLE','11',''),
  (3,14,'002','NON-OBSTACLE','11',''),
  (3,15,'002','NON-OBSTACLE','11',''),
  (3,16,'002','NON-OBSTACLE','11',''),
  (3,17,'002','NON-OBSTACLE','11',''),
  (3,18,'002','NON-OBSTACLE','11',''),
  (3,19,'002','OBSTACLE','11','P-006'),
  (3,20,'002','OBSTACLE','11','P-007'),
  (3,21,'002','OBSTACLE','11','P-006'),
  (3,22,'002','OBSTACLE','11','P-007'),
  (3,23,'002','NON-OBSTACLE','11',''),
  (3,24,'002','OBSTACLE','1','1'),
  (4,0,'002','OBSTACLE','1','1'),
  (4,1,'002','NON-OBSTACLE','11',''),
  (4,2,'002','OBSTACLE','11','P-006'),
  (4,3,'002','NON-OBSTACLE','11',''),
  (4,4,'002','OBSTACLE','11','P-006'),
  (4,5,'002','NON-OBSTACLE','11',''),
  (4,6,'002','NON-OBSTACLE','11',''),
  (4,7,'002','NON-OBSTACLE','11',''),
  (4,8,'002','OBSTACLE','11','P-007'),
  (4,9,'002','NON-OBSTACLE','11',''),
  (4,10,'002','NON-OBSTACLE','11',''),
  (4,11,'002','OBSTACLE','2','2'),
  (4,12,'002','OBSTACLE','1','1'),
  (4,13,'002','NON-OBSTACLE','11',''),
  (4,14,'002','NON-OBSTACLE','11',''),
  (4,15,'002','NON-OBSTACLE','11',''),
  (4,16,'002','NON-OBSTACLE','11',''),
  (4,17,'002','NON-OBSTACLE','11',''),
  (4,18,'002','NON-OBSTACLE','11',''),
  (4,19,'002','NON-OBSTACLE','11',''),
  (4,20,'002','OBSTACLE','11','P-005'),
  (4,21,'002','OBSTACLE','11','P-006'),
  (4,22,'002','OBSTACLE','11','P-007'),
  (4,23,'002','NON-OBSTACLE','11',''),
  (4,24,'002','OBSTACLE','1','1'),
  (5,0,'002','OBSTACLE','1','1'),
  (5,1,'002','NON-OBSTACLE','11',''),
  (5,2,'002','NON-OBSTACLE','11',''),
  (5,3,'002','OBSTACLE','11','P-007'),
  (5,4,'002','NON-OBSTACLE','11',''),
  (5,5,'002','NON-OBSTACLE','11',''),
  (5,6,'002','NON-OBSTACLE','11',''),
  (5,7,'002','OBSTACLE','11','P-006'),
  (5,8,'002','NON-OBSTACLE','11',''),
  (5,9,'002','NON-OBSTACLE','11',''),
  (5,10,'002','NON-OBSTACLE','11',''),
  (5,11,'002','OBSTACLE','2','2'),
  (5,12,'002','OBSTACLE','1','1'),
  (5,13,'002','OBSTACLE','11','P-008'),
  (5,14,'002','NON-OBSTACLE','11',''),
  (5,15,'002','NON-OBSTACLE','11',''),
  (5,16,'002','NON-OBSTACLE','11',''),
  (5,17,'002','NON-OBSTACLE','11',''),
  (5,18,'002','NON-OBSTACLE','11',''),
  (5,19,'002','NON-OBSTACLE','11',''),
  (5,20,'002','NON-OBSTACLE','11',''),
  (5,21,'002','OBSTACLE','11','P-006'),
  (5,22,'002','OBSTACLE','11','P-006'),
  (5,23,'002','NON-OBSTACLE','11',''),
  (5,24,'002','OBSTACLE','1','1'),
  (6,0,'002','OBSTACLE','1','1'),
  (6,1,'002','NON-OBSTACLE','11',''),
  (6,2,'002','NON-OBSTACLE','11',''),
  (6,3,'002','NON-OBSTACLE','11',''),
  (6,4,'002','NON-OBSTACLE','11',''),
  (6,5,'002','OBSTACLE','11','P-006'),
  (6,6,'002','NON-OBSTACLE','11',''),
  (6,7,'002','OBSTACLE','11','P-007'),
  (6,8,'002','NON-OBSTACLE','11',''),
  (6,9,'002','NON-OBSTACLE','11',''),
  (6,10,'002','NON-OBSTACLE','11',''),
  (6,11,'002','NON-OBSTACLE','11',''),
  (6,12,'002','NON-OBSTACLE','11',''),
  (6,13,'002','NON-OBSTACLE','11',''),
  (6,14,'002','NON-OBSTACLE','11',''),
  (6,15,'002','NON-OBSTACLE','11',''),
  (6,16,'002','NON-OBSTACLE','11',''),
  (6,17,'002','NON-OBSTACLE','11',''),
  (6,18,'002','NON-OBSTACLE','11',''),
  (6,19,'002','NON-OBSTACLE','11',''),
  (6,20,'002','NON-OBSTACLE','11',''),
  (6,21,'002','NON-OBSTACLE','11',''),
  (6,22,'002','NON-OBSTACLE','11',''),
  (6,23,'002','NON-OBSTACLE','11',''),
  (6,24,'002','OBSTACLE','1','1'),
  (7,0,'002','OBSTACLE','1','1'),
  (7,1,'002','NON-OBSTACLE','11',''),
  (7,2,'002','NON-OBSTACLE','11',''),
  (7,3,'002','OBSTACLE','11','P-007'),
  (7,4,'002','NON-OBSTACLE','11',''),
  (7,5,'002','NON-OBSTACLE','11',''),
  (7,6,'002','NON-OBSTACLE','11',''),
  (7,7,'002','NON-OBSTACLE','11',''),
  (7,8,'002','OBSTACLE','11','P-007'),
  (7,9,'002','NON-OBSTACLE','11',''),
  (7,10,'002','NON-OBSTACLE','11',''),
  (7,11,'002','OBSTACLE','2','2'),
  (7,12,'002','OBSTACLE','1','1'),
  (7,13,'002','OBSTACLE','11','P-008'),
  (7,14,'002','NON-OBSTACLE','11',''),
  (7,15,'002','NON-OBSTACLE','11',''),
  (7,16,'002','NON-OBSTACLE','11',''),
  (7,17,'002','NON-OBSTACLE','11',''),
  (7,18,'002','NON-OBSTACLE','11',''),
  (7,19,'002','NON-OBSTACLE','11',''),
  (7,20,'002','NON-OBSTACLE','11',''),
  (7,21,'002','NON-OBSTACLE','11',''),
  (7,22,'002','NON-OBSTACLE','11',''),
  (7,23,'002','NON-OBSTACLE','11',''),
  (7,24,'002','OBSTACLE','1','1'),
  (8,0,'002','OBSTACLE','1','1'),
  (8,1,'002','NON-OBSTACLE','11',''),
  (8,2,'002','NON-OBSTACLE','11',''),
  (8,3,'002','NON-OBSTACLE','11',''),
  (8,4,'002','OBSTACLE','11','P-007'),
  (8,5,'002','NON-OBSTACLE','11',''),
  (8,6,'002','NON-OBSTACLE','11',''),
  (8,7,'002','NON-OBSTACLE','11',''),
  (8,8,'002','OBSTACLE','11','P-006'),
  (8,9,'002','NON-OBSTACLE','11',''),
  (8,10,'002','NON-OBSTACLE','11',''),
  (8,11,'002','OBSTACLE','2','2'),
  (8,12,'002','OBSTACLE','1','1'),
  (8,13,'002','NON-OBSTACLE','11',''),
  (8,14,'002','NON-OBSTACLE','11',''),
  (8,15,'002','NON-OBSTACLE','11',''),
  (8,16,'002','NON-OBSTACLE','11',''),
  (8,17,'002','NON-OBSTACLE','11',''),
  (8,18,'002','NON-OBSTACLE','11',''),
  (8,19,'002','NON-OBSTACLE','11',''),
  (8,20,'002','NON-OBSTACLE','11',''),
  (8,21,'002','NON-OBSTACLE','11',''),
  (8,22,'002','NON-OBSTACLE','11',''),
  (8,23,'002','NON-OBSTACLE','11',''),
  (8,24,'002','OBSTACLE','1','1'),
  (9,0,'002','OBSTACLE','1','1'),
  (9,1,'002','NON-OBSTACLE','11',''),
  (9,2,'002','NON-OBSTACLE','11',''),
  (9,3,'002','NON-OBSTACLE','11',''),
  (9,4,'002','NON-OBSTACLE','11',''),
  (9,5,'002','OBSTACLE','11','P-007'),
  (9,6,'002','NON-OBSTACLE','11',''),
  (9,7,'002','NON-OBSTACLE','11',''),
  (9,8,'002','NON-OBSTACLE','11',''),
  (9,9,'002','NON-OBSTACLE','11',''),
  (9,10,'002','NON-OBSTACLE','11',''),
  (9,11,'002','OBSTACLE','2','2'),
  (9,12,'002','OBSTACLE','1','1'),
  (9,13,'002','NON-OBSTACLE','11',''),
  (9,14,'002','NON-OBSTACLE','11',''),
  (9,15,'002','NON-OBSTACLE','11',''),
  (9,16,'002','NON-OBSTACLE','11',''),
  (9,17,'002','NON-OBSTACLE','11',''),
  (9,18,'002','NON-OBSTACLE','11',''),
  (9,19,'002','NON-OBSTACLE','11',''),
  (9,20,'002','NON-OBSTACLE','11',''),
  (9,21,'002','NON-OBSTACLE','11',''),
  (9,22,'002','NON-OBSTACLE','11',''),
  (9,23,'002','NON-OBSTACLE','11',''),
  (9,24,'002','OBSTACLE','1','1');

COMMIT;

#
# Data for the `tile` table  (LIMIT 1000,500)
#

INSERT INTO `tile` (`POSITION_X`, `POSITION_Y`, `MAP_ID`, `TILE_TYPE`, `TILE_ID`, `PROPERTY_ID`) VALUES 
  (10,0,'002','OBSTACLE','1','1'),
  (10,1,'002','NON-OBSTACLE','11',''),
  (10,2,'002','NON-OBSTACLE','11',''),
  (10,3,'002','NON-OBSTACLE','11',''),
  (10,4,'002','OBSTACLE','11','P-006'),
  (10,5,'002','NON-OBSTACLE','11',''),
  (10,6,'002','NON-OBSTACLE','11',''),
  (10,7,'002','NON-OBSTACLE','11',''),
  (10,8,'002','NON-OBSTACLE','11',''),
  (10,9,'002','NON-OBSTACLE','11',''),
  (10,10,'002','NON-OBSTACLE','11',''),
  (10,11,'002','OBSTACLE','2','2'),
  (10,12,'002','OBSTACLE','1','1'),
  (10,13,'002','NON-OBSTACLE','11',''),
  (10,14,'002','NON-OBSTACLE','11',''),
  (10,15,'002','NON-OBSTACLE','11',''),
  (10,16,'002','NON-OBSTACLE','11',''),
  (10,17,'002','NON-OBSTACLE','11',''),
  (10,18,'002','NON-OBSTACLE','11',''),
  (10,19,'002','NON-OBSTACLE','11',''),
  (10,20,'002','NON-OBSTACLE','11',''),
  (10,21,'002','NON-OBSTACLE','11',''),
  (10,22,'002','NON-OBSTACLE','11',''),
  (10,23,'002','NON-OBSTACLE','11',''),
  (10,24,'002','OBSTACLE','1','1'),
  (11,0,'002','OBSTACLE','1','1'),
  (11,1,'002','NON-OBSTACLE','11',''),
  (11,2,'002','NON-OBSTACLE','11',''),
  (11,3,'002','NON-OBSTACLE','11',''),
  (11,4,'002','NON-OBSTACLE','11',''),
  (11,5,'002','NON-OBSTACLE','11',''),
  (11,6,'002','NON-OBSTACLE','11',''),
  (11,7,'002','NON-OBSTACLE','11',''),
  (11,8,'002','NON-OBSTACLE','11',''),
  (11,9,'002','NON-OBSTACLE','11',''),
  (11,10,'002','NON-OBSTACLE','11',''),
  (11,11,'002','OBSTACLE','2','2'),
  (11,12,'002','OBSTACLE','1','1'),
  (11,13,'002','NON-OBSTACLE','11',''),
  (11,14,'002','NON-OBSTACLE','11',''),
  (11,15,'002','NON-OBSTACLE','11',''),
  (11,16,'002','NON-OBSTACLE','11',''),
  (11,17,'002','NON-OBSTACLE','11',''),
  (11,18,'002','NON-OBSTACLE','11',''),
  (11,19,'002','NON-OBSTACLE','11',''),
  (11,20,'002','NON-OBSTACLE','11',''),
  (11,21,'002','NON-OBSTACLE','11',''),
  (11,22,'002','NON-OBSTACLE','11',''),
  (11,23,'002','NON-OBSTACLE','11',''),
  (11,24,'002','OBSTACLE','1','1'),
  (12,0,'002','OBSTACLE','1','1'),
  (12,1,'002','NON-OBSTACLE','11',''),
  (12,2,'002','NON-OBSTACLE','11',''),
  (12,3,'002','NON-OBSTACLE','11',''),
  (12,4,'002','OBSTACLE','11','P-006'),
  (12,5,'002','NON-OBSTACLE','11',''),
  (12,6,'002','NON-OBSTACLE','11',''),
  (12,7,'002','NON-OBSTACLE','11',''),
  (12,8,'002','NON-OBSTACLE','11',''),
  (12,9,'002','NON-OBSTACLE','11',''),
  (12,10,'002','NON-OBSTACLE','11',''),
  (12,11,'002','OBSTACLE','2','2'),
  (12,12,'002','OBSTACLE','1','1'),
  (12,13,'002','NON-OBSTACLE','11',''),
  (12,14,'002','NON-OBSTACLE','11',''),
  (12,15,'002','NON-OBSTACLE','11',''),
  (12,16,'002','NON-OBSTACLE','11',''),
  (12,17,'002','NON-OBSTACLE','11',''),
  (12,18,'002','NON-OBSTACLE','11',''),
  (12,19,'002','NON-OBSTACLE','11',''),
  (12,20,'002','NON-OBSTACLE','11',''),
  (12,21,'002','NON-OBSTACLE','11',''),
  (12,22,'002','NON-OBSTACLE','11',''),
  (12,23,'002','NON-OBSTACLE','11',''),
  (12,24,'002','OBSTACLE','1','1'),
  (13,0,'002','OBSTACLE','1','1'),
  (13,1,'002','NON-OBSTACLE','11',''),
  (13,2,'002','NON-OBSTACLE','11',''),
  (13,3,'002','NON-OBSTACLE','11',''),
  (13,4,'002','NON-OBSTACLE','11',''),
  (13,5,'002','NON-OBSTACLE','11',''),
  (13,6,'002','NON-OBSTACLE','11',''),
  (13,7,'002','NON-OBSTACLE','11',''),
  (13,8,'002','NON-OBSTACLE','11',''),
  (13,9,'002','NON-OBSTACLE','11',''),
  (13,10,'002','NON-OBSTACLE','11',''),
  (13,11,'002','OBSTACLE','2','2'),
  (13,12,'002','OBSTACLE','1','1'),
  (13,13,'002','NON-OBSTACLE','11',''),
  (13,14,'002','NON-OBSTACLE','11',''),
  (13,15,'002','NON-OBSTACLE','11',''),
  (13,16,'002','NON-OBSTACLE','11',''),
  (13,17,'002','NON-OBSTACLE','11',''),
  (13,18,'002','NON-OBSTACLE','11',''),
  (13,19,'002','NON-OBSTACLE','11',''),
  (13,20,'002','NON-OBSTACLE','11',''),
  (13,21,'002','NON-OBSTACLE','11',''),
  (13,22,'002','NON-OBSTACLE','11',''),
  (13,23,'002','NON-OBSTACLE','11',''),
  (13,24,'002','OBSTACLE','1','1'),
  (14,0,'002','OBSTACLE','1','1'),
  (14,1,'002','NON-OBSTACLE','11',''),
  (14,2,'002','NON-OBSTACLE','11',''),
  (14,3,'002','NON-OBSTACLE','11',''),
  (14,4,'002','NON-OBSTACLE','11',''),
  (14,5,'002','NON-OBSTACLE','11',''),
  (14,6,'002','NON-OBSTACLE','11',''),
  (14,7,'002','NON-OBSTACLE','11',''),
  (14,8,'002','NON-OBSTACLE','11',''),
  (14,9,'002','NON-OBSTACLE','11',''),
  (14,10,'002','NON-OBSTACLE','11',''),
  (14,11,'002','OBSTACLE','2','2'),
  (14,12,'002','OBSTACLE','1','1'),
  (14,13,'002','NON-OBSTACLE','11',''),
  (14,14,'002','NON-OBSTACLE','11',''),
  (14,15,'002','NON-OBSTACLE','11',''),
  (14,16,'002','NON-OBSTACLE','11',''),
  (14,17,'002','NON-OBSTACLE','11',''),
  (14,18,'002','NON-OBSTACLE','11',''),
  (14,19,'002','NON-OBSTACLE','11',''),
  (14,20,'002','NON-OBSTACLE','11',''),
  (14,21,'002','NON-OBSTACLE','11',''),
  (14,22,'002','NON-OBSTACLE','11',''),
  (14,23,'002','NON-OBSTACLE','11',''),
  (14,24,'002','OBSTACLE','1','1'),
  (15,0,'002','OBSTACLE','1','1'),
  (15,1,'002','NON-OBSTACLE','11',''),
  (15,2,'002','NON-OBSTACLE','11',''),
  (15,3,'002','NON-OBSTACLE','11',''),
  (15,4,'002','NON-OBSTACLE','11',''),
  (15,5,'002','NON-OBSTACLE','11',''),
  (15,6,'002','NON-OBSTACLE','11',''),
  (15,7,'002','NON-OBSTACLE','11',''),
  (15,8,'002','NON-OBSTACLE','11',''),
  (15,9,'002','NON-OBSTACLE','11',''),
  (15,10,'002','NON-OBSTACLE','11',''),
  (15,11,'002','OBSTACLE','2','2'),
  (15,12,'002','OBSTACLE','1','1'),
  (15,13,'002','NON-OBSTACLE','11',''),
  (15,14,'002','NON-OBSTACLE','11',''),
  (15,15,'002','NON-OBSTACLE','11',''),
  (15,16,'002','NON-OBSTACLE','11',''),
  (15,17,'002','NON-OBSTACLE','11',''),
  (15,18,'002','NON-OBSTACLE','11',''),
  (15,19,'002','NON-OBSTACLE','11',''),
  (15,20,'002','OBSTACLE','11','P-007'),
  (15,21,'002','OBSTACLE','11','P-007'),
  (15,22,'002','NON-OBSTACLE','11',''),
  (15,23,'002','NON-OBSTACLE','11',''),
  (15,24,'002','OBSTACLE','1','1'),
  (16,0,'002','OBSTACLE','1','1'),
  (16,1,'002','NON-OBSTACLE','11',''),
  (16,2,'002','NON-OBSTACLE','11',''),
  (16,3,'002','NON-OBSTACLE','11',''),
  (16,4,'002','NON-OBSTACLE','11',''),
  (16,5,'002','NON-OBSTACLE','11',''),
  (16,6,'002','NON-OBSTACLE','11',''),
  (16,7,'002','NON-OBSTACLE','11',''),
  (16,8,'002','NON-OBSTACLE','11',''),
  (16,9,'002','NON-OBSTACLE','11',''),
  (16,10,'002','NON-OBSTACLE','11',''),
  (16,11,'002','OBSTACLE','2','2'),
  (16,12,'002','OBSTACLE','1','1'),
  (16,13,'002','NON-OBSTACLE','11',''),
  (16,14,'002','NON-OBSTACLE','11',''),
  (16,15,'002','NON-OBSTACLE','11',''),
  (16,16,'002','NON-OBSTACLE','11',''),
  (16,17,'002','NON-OBSTACLE','11',''),
  (16,18,'002','NON-OBSTACLE','11',''),
  (16,19,'002','NON-OBSTACLE','11',''),
  (16,20,'002','NON-OBSTACLE','11',''),
  (16,21,'002','NON-OBSTACLE','11',''),
  (16,22,'002','NON-OBSTACLE','11',''),
  (16,23,'002','NON-OBSTACLE','11',''),
  (16,24,'002','OBSTACLE','1','1'),
  (17,0,'002','OBSTACLE','1','1'),
  (17,1,'002','NON-OBSTACLE','11',''),
  (17,2,'002','NON-OBSTACLE','11',''),
  (17,3,'002','NON-OBSTACLE','11',''),
  (17,4,'002','NON-OBSTACLE','11',''),
  (17,5,'002','NON-OBSTACLE','11',''),
  (17,6,'002','NON-OBSTACLE','11',''),
  (17,7,'002','NON-OBSTACLE','11',''),
  (17,8,'002','NON-OBSTACLE','11',''),
  (17,9,'002','NON-OBSTACLE','11',''),
  (17,10,'002','NON-OBSTACLE','11',''),
  (17,11,'002','OBSTACLE','2','2'),
  (17,12,'002','OBSTACLE','1','1'),
  (17,13,'002','NON-OBSTACLE','11',''),
  (17,14,'002','NON-OBSTACLE','11',''),
  (17,15,'002','NON-OBSTACLE','11',''),
  (17,16,'002','NON-OBSTACLE','11',''),
  (17,17,'002','NON-OBSTACLE','11',''),
  (17,18,'002','NON-OBSTACLE','11',''),
  (17,19,'002','NON-OBSTACLE','11',''),
  (17,20,'002','NON-OBSTACLE','11',''),
  (17,21,'002','NON-OBSTACLE','11',''),
  (17,22,'002','NON-OBSTACLE','11',''),
  (17,23,'002','NON-OBSTACLE','11',''),
  (17,24,'002','OBSTACLE','1','1'),
  (18,0,'002','OBSTACLE','1','1'),
  (18,1,'002','NON-OBSTACLE','11',''),
  (18,2,'002','NON-OBSTACLE','11',''),
  (18,3,'002','NON-OBSTACLE','11',''),
  (18,4,'002','NON-OBSTACLE','11',''),
  (18,5,'002','NON-OBSTACLE','11',''),
  (18,6,'002','NON-OBSTACLE','11',''),
  (18,7,'002','NON-OBSTACLE','11',''),
  (18,8,'002','NON-OBSTACLE','11',''),
  (18,9,'002','NON-OBSTACLE','11',''),
  (18,10,'002','NON-OBSTACLE','11',''),
  (18,11,'002','OBSTACLE','2','2'),
  (18,12,'002','OBSTACLE','1','1'),
  (18,13,'002','NON-OBSTACLE','11',''),
  (18,14,'002','NON-OBSTACLE','11',''),
  (18,15,'002','NON-OBSTACLE','11',''),
  (18,16,'002','NON-OBSTACLE','11',''),
  (18,17,'002','NON-OBSTACLE','11',''),
  (18,18,'002','NON-OBSTACLE','11',''),
  (18,19,'002','NON-OBSTACLE','11',''),
  (18,20,'002','NON-OBSTACLE','11',''),
  (18,21,'002','NON-OBSTACLE','11',''),
  (18,22,'002','NON-OBSTACLE','11',''),
  (18,23,'002','NON-OBSTACLE','11',''),
  (18,24,'002','OBSTACLE','1','1'),
  (19,0,'002','OBSTACLE','1','1'),
  (19,1,'002','NON-OBSTACLE','11',''),
  (19,2,'002','NON-OBSTACLE','11',''),
  (19,3,'002','NON-OBSTACLE','11',''),
  (19,4,'002','NON-OBSTACLE','11',''),
  (19,5,'002','NON-OBSTACLE','11',''),
  (19,6,'002','NON-OBSTACLE','11',''),
  (19,7,'002','NON-OBSTACLE','11',''),
  (19,8,'002','NON-OBSTACLE','11',''),
  (19,9,'002','NON-OBSTACLE','11',''),
  (19,10,'002','NON-OBSTACLE','11',''),
  (19,11,'002','OBSTACLE','2','2'),
  (19,12,'002','OBSTACLE','1','1'),
  (19,13,'002','NON-OBSTACLE','11',''),
  (19,14,'002','NON-OBSTACLE','11',''),
  (19,15,'002','NON-OBSTACLE','11',''),
  (19,16,'002','NON-OBSTACLE','11',''),
  (19,17,'002','NON-OBSTACLE','11',''),
  (19,18,'002','OBSTACLE','11','P-007'),
  (19,19,'002','NON-OBSTACLE','11',''),
  (19,20,'002','OBSTACLE','11','P-006'),
  (19,21,'002','NON-OBSTACLE','11',''),
  (19,22,'002','NON-OBSTACLE','11',''),
  (19,23,'002','NON-OBSTACLE','11',''),
  (19,24,'002','OBSTACLE','1','1'),
  (20,0,'002','OBSTACLE','1','1'),
  (20,1,'002','NON-OBSTACLE','11',''),
  (20,2,'002','NON-OBSTACLE','11',''),
  (20,3,'002','NON-OBSTACLE','11',''),
  (20,4,'002','NON-OBSTACLE','11',''),
  (20,5,'002','NON-OBSTACLE','11',''),
  (20,6,'002','NON-OBSTACLE','11',''),
  (20,7,'002','NON-OBSTACLE','11',''),
  (20,8,'002','NON-OBSTACLE','11',''),
  (20,9,'002','NON-OBSTACLE','11',''),
  (20,10,'002','NON-OBSTACLE','11',''),
  (20,11,'002','OBSTACLE','2','2'),
  (20,12,'002','OBSTACLE','1','1'),
  (20,13,'002','NON-OBSTACLE','11',''),
  (20,14,'002','NON-OBSTACLE','11',''),
  (20,15,'002','NON-OBSTACLE','11',''),
  (20,16,'002','NON-OBSTACLE','11',''),
  (20,17,'002','NON-OBSTACLE','11',''),
  (20,18,'002','NON-OBSTACLE','11',''),
  (20,19,'002','NON-OBSTACLE','11',''),
  (20,20,'002','NON-OBSTACLE','11',''),
  (20,21,'002','NON-OBSTACLE','11',''),
  (20,22,'002','NON-OBSTACLE','11',''),
  (20,23,'002','NON-OBSTACLE','11',''),
  (20,24,'002','OBSTACLE','1','1'),
  (21,0,'002','OBSTACLE','1','1'),
  (21,1,'002','NON-OBSTACLE','11',''),
  (21,2,'002','NON-OBSTACLE','11',''),
  (21,3,'002','NON-OBSTACLE','11',''),
  (21,4,'002','NON-OBSTACLE','11',''),
  (21,5,'002','NON-OBSTACLE','11',''),
  (21,6,'002','NON-OBSTACLE','11',''),
  (21,7,'002','NON-OBSTACLE','11',''),
  (21,8,'002','NON-OBSTACLE','11',''),
  (21,9,'002','NON-OBSTACLE','11',''),
  (21,10,'002','NON-OBSTACLE','11',''),
  (21,11,'002','OBSTACLE','2','2'),
  (21,12,'002','OBSTACLE','1','1'),
  (21,13,'002','NON-OBSTACLE','11',''),
  (21,14,'002','NON-OBSTACLE','11',''),
  (21,15,'002','NON-OBSTACLE','11',''),
  (21,16,'002','OBSTACLE','11','P-006'),
  (21,17,'002','NON-OBSTACLE','11',''),
  (21,18,'002','NON-OBSTACLE','11',''),
  (21,19,'002','OBSTACLE','11','P-007'),
  (21,20,'002','OBSTACLE','11','P-007'),
  (21,21,'002','NON-OBSTACLE','11',''),
  (21,22,'002','NON-OBSTACLE','11',''),
  (21,23,'002','NON-OBSTACLE','11',''),
  (21,24,'002','OBSTACLE','1','1'),
  (22,0,'002','OBSTACLE','1','1'),
  (22,1,'002','NON-OBSTACLE','11',''),
  (22,2,'002','NON-OBSTACLE','11',''),
  (22,3,'002','NON-OBSTACLE','11',''),
  (22,4,'002','NON-OBSTACLE','11',''),
  (22,5,'002','NON-OBSTACLE','11',''),
  (22,6,'002','NON-OBSTACLE','11',''),
  (22,7,'002','NON-OBSTACLE','11',''),
  (22,8,'002','NON-OBSTACLE','11',''),
  (22,9,'002','NON-OBSTACLE','11',''),
  (22,10,'002','NON-OBSTACLE','11',''),
  (22,11,'002','OBSTACLE','2','2'),
  (22,12,'002','OBSTACLE','1','1'),
  (22,13,'002','NON-OBSTACLE','11',''),
  (22,14,'002','NON-OBSTACLE','11',''),
  (22,15,'002','NON-OBSTACLE','11',''),
  (22,16,'002','NON-OBSTACLE','11',''),
  (22,17,'002','NON-OBSTACLE','11',''),
  (22,18,'002','NON-OBSTACLE','11',''),
  (22,19,'002','NON-OBSTACLE','11',''),
  (22,20,'002','NON-OBSTACLE','11',''),
  (22,21,'002','OBSTACLE','11','P-007'),
  (22,22,'002','NON-OBSTACLE','11',''),
  (22,23,'002','NON-OBSTACLE','11',''),
  (22,24,'002','OBSTACLE','1','1'),
  (23,0,'002','OBSTACLE','1','1'),
  (23,1,'002','NON-OBSTACLE','11',''),
  (23,2,'002','NON-OBSTACLE','11',''),
  (23,3,'002','NON-OBSTACLE','11',''),
  (23,4,'002','NON-OBSTACLE','11',''),
  (23,5,'002','NON-OBSTACLE','11',''),
  (23,6,'002','NON-OBSTACLE','11',''),
  (23,7,'002','NON-OBSTACLE','11',''),
  (23,8,'002','NON-OBSTACLE','11',''),
  (23,9,'002','NON-OBSTACLE','11',''),
  (23,10,'002','NON-OBSTACLE','11',''),
  (23,11,'002','OBSTACLE','2','2'),
  (23,12,'002','OBSTACLE','1','1'),
  (23,13,'002','NON-OBSTACLE','11',''),
  (23,14,'002','NON-OBSTACLE','11',''),
  (23,15,'002','OBSTACLE','11','P-006'),
  (23,16,'002','OBSTACLE','11','P-006'),
  (23,17,'002','NON-OBSTACLE','11',''),
  (23,18,'002','NON-OBSTACLE','11',''),
  (23,19,'002','NON-OBSTACLE','11',''),
  (23,20,'002','OBSTACLE','11','P-007'),
  (23,21,'002','OBSTACLE','11','P-007'),
  (23,22,'002','NON-OBSTACLE','11',''),
  (23,23,'002','NON-OBSTACLE','11',''),
  (23,24,'002','OBSTACLE','1','1'),
  (24,0,'002','OBSTACLE','1','1'),
  (24,1,'002','NON-OBSTACLE','11',''),
  (24,2,'002','NON-OBSTACLE','11',''),
  (24,3,'002','NON-OBSTACLE','11',''),
  (24,4,'002','NON-OBSTACLE','11',''),
  (24,5,'002','NON-OBSTACLE','11',''),
  (24,6,'002','NON-OBSTACLE','11',''),
  (24,7,'002','NON-OBSTACLE','11',''),
  (24,8,'002','NON-OBSTACLE','11',''),
  (24,9,'002','NON-OBSTACLE','11',''),
  (24,10,'002','NON-OBSTACLE','11',''),
  (24,11,'002','OBSTACLE','2','2'),
  (24,12,'002','OBSTACLE','1','1'),
  (24,13,'002','NON-OBSTACLE','11',''),
  (24,14,'002','NON-OBSTACLE','11',''),
  (24,15,'002','NON-OBSTACLE','11',''),
  (24,16,'002','NON-OBSTACLE','11',''),
  (24,17,'002','OBSTACLE','11','P-006'),
  (24,18,'002','OBSTACLE','11','P-006'),
  (24,19,'002','NON-OBSTACLE','11',''),
  (24,20,'002','NON-OBSTACLE','11',''),
  (24,21,'002','NON-OBSTACLE','11',''),
  (24,22,'002','NON-OBSTACLE','11',''),
  (24,23,'002','NON-OBSTACLE','11',''),
  (24,24,'002','OBSTACLE','1','1'),
  (25,0,'002','OBSTACLE','1','1'),
  (25,1,'002','NON-OBSTACLE','11',''),
  (25,2,'002','NON-OBSTACLE','11',''),
  (25,3,'002','NON-OBSTACLE','11',''),
  (25,4,'002','NON-OBSTACLE','11',''),
  (25,5,'002','NON-OBSTACLE','11',''),
  (25,6,'002','NON-OBSTACLE','11',''),
  (25,7,'002','NON-OBSTACLE','11',''),
  (25,8,'002','NON-OBSTACLE','11',''),
  (25,9,'002','NON-OBSTACLE','11',''),
  (25,10,'002','NON-OBSTACLE','11',''),
  (25,11,'002','OBSTACLE','2','2'),
  (25,12,'002','OBSTACLE','1','1'),
  (25,13,'002','NON-OBSTACLE','11',''),
  (25,14,'002','NON-OBSTACLE','11',''),
  (25,15,'002','NON-OBSTACLE','11',''),
  (25,16,'002','NON-OBSTACLE','11',''),
  (25,17,'002','NON-OBSTACLE','11',''),
  (25,18,'002','NON-OBSTACLE','11',''),
  (25,19,'002','OBSTACLE','11','P-007'),
  (25,20,'002','OBSTACLE','11','P-006'),
  (25,21,'002','NON-OBSTACLE','11',''),
  (25,22,'002','OBSTACLE','11','P-006'),
  (25,23,'002','NON-OBSTACLE','11',''),
  (25,24,'002','OBSTACLE','1','1'),
  (26,0,'002','OBSTACLE','1','1'),
  (26,1,'002','NON-OBSTACLE','11',''),
  (26,2,'002','NON-OBSTACLE','11',''),
  (26,3,'002','NON-OBSTACLE','11',''),
  (26,4,'002','NON-OBSTACLE','11',''),
  (26,5,'002','NON-OBSTACLE','11',''),
  (26,6,'002','NON-OBSTACLE','11',''),
  (26,7,'002','NON-OBSTACLE','11',''),
  (26,8,'002','NON-OBSTACLE','11',''),
  (26,9,'002','NON-OBSTACLE','11',''),
  (26,10,'002','NON-OBSTACLE','11',''),
  (26,11,'002','OBSTACLE','2','2'),
  (26,12,'002','OBSTACLE','1','1'),
  (26,13,'002','NON-OBSTACLE','11',''),
  (26,14,'002','NON-OBSTACLE','11',''),
  (26,15,'002','NON-OBSTACLE','11',''),
  (26,16,'002','NON-OBSTACLE','11',''),
  (26,17,'002','OBSTACLE','11','P-007'),
  (26,18,'002','NON-OBSTACLE','11',''),
  (26,19,'002','NON-OBSTACLE','11',''),
  (26,20,'002','NON-OBSTACLE','11',''),
  (26,21,'002','NON-OBSTACLE','11',''),
  (26,22,'002','NON-OBSTACLE','11',''),
  (26,23,'002','NON-OBSTACLE','11',''),
  (26,24,'002','OBSTACLE','1','1'),
  (27,0,'002','OBSTACLE','1','1'),
  (27,1,'002','NON-OBSTACLE','11',''),
  (27,2,'002','OBSTACLE','11','P-004'),
  (27,3,'002','NON-OBSTACLE','11',''),
  (27,4,'002','NON-OBSTACLE','11',''),
  (27,5,'002','NON-OBSTACLE','11',''),
  (27,6,'002','NON-OBSTACLE','11',''),
  (27,7,'002','NON-OBSTACLE','11',''),
  (27,8,'002','NON-OBSTACLE','11',''),
  (27,9,'002','NON-OBSTACLE','11',''),
  (27,10,'002','NON-OBSTACLE','11',''),
  (27,11,'002','OBSTACLE','2','2'),
  (27,12,'002','OBSTACLE','1','1'),
  (27,13,'002','NON-OBSTACLE','11',''),
  (27,14,'002','NON-OBSTACLE','11',''),
  (27,15,'002','NON-OBSTACLE','11',''),
  (27,16,'002','NON-OBSTACLE','11',''),
  (27,17,'002','NON-OBSTACLE','11',''),
  (27,18,'002','NON-OBSTACLE','11',''),
  (27,19,'002','NON-OBSTACLE','11',''),
  (27,20,'002','NON-OBSTACLE','11',''),
  (27,21,'002','NON-OBSTACLE','11',''),
  (27,22,'002','NON-OBSTACLE','11',''),
  (27,23,'002','NON-OBSTACLE','11',''),
  (27,24,'002','OBSTACLE','1','1'),
  (28,0,'002','OBSTACLE','1','1'),
  (28,1,'002','NON-OBSTACLE','11',''),
  (28,2,'002','NON-OBSTACLE','11',''),
  (28,3,'002','NON-OBSTACLE','11',''),
  (28,4,'002','NON-OBSTACLE','11',''),
  (28,5,'002','NON-OBSTACLE','11',''),
  (28,6,'002','NON-OBSTACLE','11',''),
  (28,7,'002','NON-OBSTACLE','11',''),
  (28,8,'002','NON-OBSTACLE','11',''),
  (28,9,'002','NON-OBSTACLE','11',''),
  (28,10,'002','NON-OBSTACLE','11',''),
  (28,11,'002','OBSTACLE','2','2'),
  (28,12,'002','OBSTACLE','1','1'),
  (28,13,'002','NON-OBSTACLE','11',''),
  (28,14,'002','NON-OBSTACLE','11',''),
  (28,15,'002','NON-OBSTACLE','11',''),
  (28,16,'002','NON-OBSTACLE','11',''),
  (28,17,'002','NON-OBSTACLE','11',''),
  (28,18,'002','NON-OBSTACLE','11',''),
  (28,19,'002','NON-OBSTACLE','11',''),
  (28,20,'002','NON-OBSTACLE','11',''),
  (28,21,'002','NON-OBSTACLE','11',''),
  (28,22,'002','NON-OBSTACLE','11',''),
  (28,23,'002','NON-OBSTACLE','11',''),
  (28,24,'002','OBSTACLE','1','1'),
  (29,0,'002','OBSTACLE','2','2'),
  (29,1,'002','OBSTACLE','2','2'),
  (29,2,'002','OBSTACLE','2','2'),
  (29,3,'002','OBSTACLE','2','2'),
  (29,4,'002','OBSTACLE','2','2'),
  (29,5,'002','OBSTACLE','2','2'),
  (29,6,'002','OBSTACLE','2','2'),
  (29,7,'002','OBSTACLE','2','2'),
  (29,8,'002','OBSTACLE','2','2'),
  (29,9,'002','OBSTACLE','2','2'),
  (29,10,'002','OBSTACLE','2','2'),
  (29,11,'002','OBSTACLE','2','2'),
  (29,12,'002','OBSTACLE','2','2'),
  (29,13,'002','OBSTACLE','2','2'),
  (29,14,'002','OBSTACLE','2','2'),
  (29,15,'002','OBSTACLE','2','2'),
  (29,16,'002','OBSTACLE','2','2'),
  (29,17,'002','OBSTACLE','2','2'),
  (29,18,'002','OBSTACLE','2','2'),
  (29,19,'002','OBSTACLE','2','2'),
  (29,20,'002','OBSTACLE','2','2'),
  (29,21,'002','OBSTACLE','2','2'),
  (29,22,'002','OBSTACLE','2','2'),
  (29,23,'002','OBSTACLE','2','2'),
  (29,24,'002','OBSTACLE','1','1');

COMMIT;

#
# Structure for the `zone` table : 
#

DROP TABLE IF EXISTS `zone`;

CREATE TABLE `zone` (
  `ZONE_ID` char(3) NOT NULL,
  `MAP_ID` char(3) NOT NULL,
  `STAT_AREA` varchar(20) DEFAULT NULL,
  `BOUND_X` int(11) DEFAULT NULL,
  `BOUND_Y` int(11) DEFAULT NULL,
  `BOUND_WIDTH` int(11) DEFAULT NULL,
  `BOUND_HEIGHT` int(11) DEFAULT NULL,
  PRIMARY KEY (`ZONE_ID`,`MAP_ID`)
) ENGINE=InnoDB DEFAULT CHARSET=latin1;

#
# Data for the `zone` table  (LIMIT 0,500)
#

INSERT INTO `zone` (`ZONE_ID`, `MAP_ID`, `STAT_AREA`, `BOUND_X`, `BOUND_Y`, `BOUND_WIDTH`, `BOUND_HEIGHT`) VALUES 
  ('001','001','BOSS_AREA',1,1,28,11),
  ('001','002','BOSS_AREA',1,1,28,10),
  ('002','001','MONSTER_AREA',1,14,28,10),
  ('002','002','MONSTER_AREA',1,13,28,11);

COMMIT;

